ANO,TITULO,TIPO,ACTOR,POPULARIDAD,Awards
1990,Tie Me Up Tie Me Down,Comedy,Banderas  Antonio,68,No
1991,High Heels,Comedy,Bose  Miguel,68,No
1983,Dead Zone, The Horror,Walken  Christopher,79,No
1979,Cuba,Action,Connery  Sean,6,No
1978,Days of Heaven,Drama,Gere  Richard,14,No
1983,Octopussy,Action,Moore  Roger,68,No
1984,Target Eagle,Action,Connors  Chuck,14,No
1985,Subway,Drama,Lambert  Christopher,6,No
1990,Camille Claudel,Drama,Depardieu  Gerard,32,No
1982,Fanny and Alexander,Drama,Ahlstedt  Borje,81,Yes
1982,Tragedy of a Ridiculous Man,Drama,Tognazzi  Ugo,17,No
1966,A Man y a Woman,Drama,Trintignant  Jean-Louis,46,Yes
1986,A Man y a Woman: Twenty Years Later,Drama,Trintignant  Jean-Louis,49,No
1966,Un Hombre y una Mujer,Drama,Trintignant  Jean-Louis,6,Yes
1929,Blackmail,Mystery,Longden  John,2,No
1963,Donovans Reef,Comedy,Wayne  John,62,No
1988,Tucker: The Man y His Dream,Drama,Bridges  Jeff,68,No
1988,Scrooged,Comedy,Murray  Bill,15,No
1981,Raiders of the Lost Ark,Action,Ford  Harrison,8,No
1991,Predator 2,Action,Glover  Danny,79,No
1988,Colors,Drama,Penn  Sean,23,No
1990,Zandalee,Drama,Cage  Nicolas,80,No
1988,Miles from Home,Drama,Anderson  Kevin,53,No
1980,Happy Birthday to Me,Horror,Ford  Glenn,88,No
1989,Final Notice,Mystery,Gerard  Gil,88,No
1979,Quintet,Drama,Newman  Paul,19,No
1957,Wild Strawberries,Drama,Sjostrom  Victor,42,Yes
1992,Germicide,Drama,Taylor  Rod,36,No
1955,Dreams,Drama,Bjornstrand  Gunnar,14,No
1962,Through a Glass Darkly,Drama,Bjornstrand  Gunnar,64,Yes
1972,Cries y Whispers,Drama,Josephson  Erland,18,Yes
1967,Casino Royale,Comedy,Niven  David,11,No
1962,Dr. No,Action,Connery  Sean,7,No
1954,Elephant Walk,Drama,Finch  Peter,11,No
1979,Ten,Comedy,Moore  Dudley,60,No
1966,Hawaii,Drama,Sydow  Max von,8,No
1966,Torn Curtain,Mystery,Newman  Paul,35,No
1986,Duet for One,Drama,Bates  Alan,82,No
1985,Gonzo Presents Muppet Weird Stuff,Comedy,Cleese  John,88,No
1984,Tartuffe,Comedy,Depardieu  Gerard,67,No
1988,A New Life,Comedy,Alda  Alan,53,No
1978,Magic,Mystery,Hopkins  Anthony,85,No
1992,Tommy,Music,Daltry  Roger,5,No
1992,Alan y Naomi,Drama,Haas  Lukas,3,No
1987,Fatal Attraction,Mystery,Douglas  Michael,61,No
1992,Patriot Games,Action,Ford  Harrison,28,No
1992,Hunting,Mystery,Savage  John,68,No
1991,Bataan,War,Taylor  Robert,68,No
1991,Flight of the Intruder,Drama,Glover  Danny,51,No
1986,Nobodys Fool,Comedy,Roberts  Eric,52,No
1985,After Hours,Comedy,Dunne  Griffin,81,No
1985,Desperately Seeking Susan,Comedy,Quinn  Aidan,41,No
1971,A New Leaf,Comedy,Matthau  Walter,83,No
1959,Killers of Kilimanjaro,Action,Taylor  Robert,11,No
1926,Don Juan,Action,Barrymore  John,55,No
1987,Babettes Feast,Drama,LaFont  Jean-Philippe,79,Yes
1988,Thunderball,Action,Connery  Sean,8,No
1926,Lodger (Story of the London Fog),Mystery,Chesney  Arthur,76,No
1988,Appointment with Death,Mystery,Ustinov  Peter,75,No
1974,Murder on the Orient Express,Mystery,Balsam  Martin,8,Yes
1955,Blood Alley,War,Wayne  John,15,No
1988,Storm,Action,Palfy  David,61,No
1991,Bloodbath,Horror,Hopper  Dennis,37,No
1989,Miami Cops,Action,Roundtree  Richard,40,No
1992,Eighty-Four Charing Cross Road,Drama,Hopkins  Anthony,9,No
1988,Dr Alien,Science Fiction,Jacoby  Billy,70,No
1982,Creepshow,Horror,Holbrook  Hal,70,No
1987,Sammy y Rosie Get Laid,Drama,Din  Ayub Khan,6,No
1957,Mademoiselle Striptease,Comedy,Gelin  Daniel,25,No
1958,That Naughty Girl,Comedy,Bretonniere  Jean,37,No
1959,Voulez-Vous Danser Avec Moi?,Comedy,Vidal  Henri,16,No
1968,Shalako,Westerns,Connery  Sean,0,No
1964,Contempt,Drama,Palance  Jack,81,No
1965,Dear Brigitte,Comedy,Mumy  Billy,71,No
1962,A Very Private Affair,Drama,Mastroianni  Marcello,30,No
1955,Doctor at Sea,Comedy,Bogarde  Dirk,83,No
1957,And God Created Woman,Drama,Jurgens  Curt,29,No
1973,Ms. Don Juan,Drama,Ronet  Maurice,39,No
1987,Siesta,Drama,Byrne  Gabriel,48,No
1932,Rich y Strange,Drama,Kendall  Henry,57,No
1987,Lionheart,Action,Stoltz  Eric,9,No
1982,E. T. The Extra-Terrestrial,Science Fiction,Wallace  Dee,8,Yes
1992,Cool World,Drama,Byrne  Gabriel,44,No
1988,Nadine,Comedy,Bridges  Jeff,47,No
1989,Batman,Action,Nicholson  Jack,14,No
1987,Blind Date,Comedy,Willis  Bruce,7,No
1982,Mother Lode,Action,Heston  Charlton,40,No
1992,Final Analysis,Drama,Gere  Richard,50,No
1983,Never Say Never Again,Action,Connery  Sean,8,No
1986,Nine y a Half Weeks,Drama,Rourke  Mickey,7,No
1989,Killjoy,Mystery,Culp  Robert,71,No
1986,No Mercy,Drama,Gere  Richard,11,No
1990,Misery,Horror,Caan  James,48,Yes
1946,Crisis,Drama,Andersson  Wiktor,66,No
1984,Samson y Delilah,Drama,Hamilton  Antony,36,No
1990,Act of Piracy,Mystery,Busey  Gary,74,No
1988,Split Decisions,Drama,Hackman  Gene,52,No
1989,Vampires Kiss,Comedy,Cage  Nicolas,49,No
1988,Nightmare at Noon,Action,Hauser  Wings,0,No
1990,Presumed Innocent,Mystery,Ford  Harrison,69,No
1942,Reap the Wild Wind,Drama,Wayne  John,59,No
1972,Pocket Money,Comedy,Newman  Paul,55,No
1977,Mary White,Drama,Flanders  Ed,2,No
1990,Guilty by Suspicion,Drama,De Niro  Robert,88,No
1948,Secret Beyond the Door,Mystery,Redgrave  Michael,31,No
1945,Scarlet Street,Drama,Robinson  Edward G.,80,No
1988,Daffy Ducks Quackbusters,Action,Blanc  Mel,68,No
1985,Rowlfs Rhapsodies with the Muppets,Comedy,Burns  George,79,No
1982,Gandhi,Drama,Kingsley  Ben,7,Yes
1971,Carnal Knowledge,Drama,Nicholson  Jack,10,No
1970,Getting Straight,Comedy,Gould  Elliott,83,No
1978,Autumn Sonata,Drama,Bjork  Halvar,49,Yes
1944,Gaslight,Drama,Boyer  Charles,25,Yes
1958,Indiscreet,Drama,Grant  Cary,1,No
1941,Walpurgis Night,Drama,Sjostrom  Victor,32,No
1948,Joan of Arc,Drama,Ferrer  Jose,7,No
1982,A Woman Called Golda,Drama,Beatty  Ned,15,Yes
1969,A Walk in the Spring Rain,Drama,Quinn  Anthony,2,No
1949,Under Capricorn,Drama,Cotten  Joseph,74,No
1946,Notorious,Mystery,Grant  Cary,42,No
1940,June Night,Drama,Widgren  Olof,14,No
1961,Goodbye Again,Drama,Perkins  Anthony,6,No
1956,Anastasia,Drama,Tamiroff  Akim,24,Yes
1937,Intermezzo,Drama,Ekman  Gosta,32,No
1938,A Womans Face,Drama,Svennberg  Tore,49,No
1935,Swedenhielms,Drama,Westergren  Håkan,88,No
1939,Only One Night,Drama,Adolphson  Edvin,26,No
1938,Dollar,Drama,Rydeberg  Georg,19,No
1956,Elena y Her Men,Drama,Ferrer  Mel,33,No
1952,Europa Fifty-One,Drama,Knox  Alexander,34,No
1953,Voyage in Italy,Drama,Sanders  George,57,No
1954,Fear,Drama,Wieman  Mathias,69,No
1950,Stromboli,Drama,Vitale  Mario,69,No
1969,Cactus Flower,Comedy,Matthau  Walter,67,Yes
1989,Hideaways,Comedy,Conover  Bruce,16,No
1990,Twenty Four Hours in a Womans Life,Drama,Torn  Rip,16,No
1987,Programmed to Kill,Action,Ginty  Robert,71,No
1982,Conan the Barbarian,Action,Schwarzenegger  Arnold,45,No
1991,Raw Nerve,Mystery,Ford  Glenn,88,No
1970,Think Dirty,Comedy,Feldman  Marty,31,No
1982,King of Comedy,Drama,De Niro  Robert,84,No
1984,Amadeus,Drama,Abraham  F. Murray,6,Yes
1973,White Lightning,Action,Reynolds  Burt,54,No
1970,Airport,Drama,Lancaster  Burt,0,Yes
1973,Day for Night,Drama,Aumont  Jean-Pierre,10,Yes
1952,Secrets of Women,Comedy,Malmsten  Birger,66,No
1976,Burnt Offerings,Horror,Reed  Oliver,35,No
1969,Easy Rider,Drama,Fonda  Peter,36,No
1991,Five Easy Pieces,Drama,Nicholson  Jack,2,No
1964,Goldfinger,Action,Connery  Sean,77,No
1953,White Lightning,,Clements  Stanley,,No
1942,Lady for a Night,Drama,Wayne  John,12,No
1968,Charly,Drama,Robertson  Cliff,38,Yes
1973,High Plains Drifter,Western,Eastwood  Clint,57,No
1982,Honkytonk Man,Drama,Eastwood  Clint,69,No
1990,Nightbreed,Horror,Cronenberg  David,72,No
1987,Under the Sun of Satan,Drama,Depardieu  Gerard,45,No
1985,Vagabond,Drama,Meril  Macha,49,No
1974,Monty Python y the Holy Grail,Comedy,Chapman  Graham,83,No
1993,John Cleese on How to Irritate People,Comedy,Cleese  John,62,No
1981,For Your Eyes Only,Action,Moore  Roger,86,No
1928,Wings,War,Rogers  Buddy,44,Yes
1992,Medicine Man,Action,Connery  Sean,6,No
1989,Good Fellas,Drama,De Niro  Robert,15,No
1985,Kiss of the Spider Woman,Drama,Hurt  William,10,Yes
1958,Torpedo Run,War,Ford  Glenn,50,No
1986,Instant Justice,Drama,Pare  Michael,45,No
1990,Cyrano de Bergerac,Drama,Depardieu  Gerard,76,No
1948,Border Street,Drama,Fijewski  Tadeusz,73,No
1987,Firehouse,Comedy,Hopkins  Barrett,66,No
1965,Morituri,Drama,Brando  Marlon,9,No
1980,From the Life of the Marionettes,Drama,Atzorn  Robert,58,No
1988,Frantic,Mystery,Ford  Harrison,17,No
1978,Coma,Science Fiction,Douglas  Michael,64,No
1988,Dead Ringers,Drama,Irons  Jeremy,29,No
1988,Golden Ninja Invasion,Action,West  Leonard,13,No
1975,Alice Doesnt Live Here Anymore,Comedy,Kristofferson  Kris,82,Yes
1952,What Price Glory?,War,Cagney  James,4,No
1954,Inauguration of the Pleasure Dome,Short,De Brier  Sampson,62,No
1989,School Daze,Comedy,Fishburne  Larry,18,No
1989,Skull,Drama,Bideman  Robert,19,No
1984,Best Defense,Comedy,Moore  Dudley,75,No
1984,Dreamscape,Science Fiction,Quaid  Dennis,63,No
1989,Black Rain,Action,Douglas  Michael,73,No
1963,8 1/2,Drama,Mastroianni  Marcello,80,Yes
1935,One Frightened Night,Horror,Ford  Wallace,33,No
1966,Is Paris Burning?,War,Belmondo  Jean-Paul,63,No
1974,QB VII,Drama,Hopkins  Anthony,28,Yes
1983,Beyond the Limit,Drama,Caine  Michael,51,No
1936,Secret Agent,Mystery,Lorre  Peter,50,No
1986,Paramount Comedy Theater: Well-Developed,Comedy,Mahler  Bruce,40,No
1990,Gremlins 2: The New Batch,Comedy,Galligan  Zach,61,No
1982,Fast Times at Ridgemont High,Comedy,Penn  Sean,65,No
1987,Mannequin,Comedy,McCarthy  Andrew,23,No
1977,Rabid,Horror,Moore  Frank,34,No
1970,Bloopers from Star Trek,Comedy,Lawford  Peter,22,No
1943,Destroyer,Action,Robinson  Edward G.,87,No
1992,Party Girl,Comedy,Taylor  Robert,85,No
1989,Twin Peaks,Mystery,MacLachlan  Kyle,86,No
1987,Moonstruck,Comedy,Cage  Nicholas,6,Yes
1979,Moonraker,Action,Moore  Roger,32,No
1984,Beat Street,Drama,Davis  Guy,72,No
1986,Running Out of Luck,Comedy,Jagger  Mick,16,No
1989,Never on Tuesday,Drama,Lauer  Andrew,77,No
1975,Shampoo,Comedy,Beatty  Warren,69,Yes
1985,Power,Drama,Hackman  Gene,43,No
1965,Darling,Drama,Harvey  Laurence,44,Yes
1931,Ambassador Bill,Comedy,Rogers  Will,66,No
1967,Hombre,Western,Newman  Paul,50,No
1968,Coogans Bluff,Action,Eastwood  Clint,57,No
1989,Penn y Teller Get Killed,Comedy,Penn  Jillette,12,No
1987,Shy People,Drama,Philbin  John,7,No
1980,Its My Turn,Comedy,Douglas  Michael,0,No
1988,Dangerous Liaisons,Drama,Malkovich  John,77,No
1990,Reversal of Fortune,Drama,Irons  Jeremy,73,Yes
1991,Meeting Venus,Comedy,Arestrup  Niels,74,No
1946,Tomorrow Is Forever,Drama,Welles  Orson,65,No
1987,Like Father Like Son,Comedy,Cameron  Kirk,20,No
1948,Rope,Drama,Stewart  James,39,No
1962,Road to Hong Kong,Comedy,Hope  Bob,37,No
1989,Shirley Valentine,Comedy,Conti  Tom,51,No
1992,City of Joy,Drama,Swayze  Patrick,87,No
1986,Seven Minutes in Heaven,Comedy,Thames  Byron,49,No
1961,Tonight for Sure,Comedy,Lee  Karla,4,No
1962,Sundays y Cybele,Drama,Kruger  Hardy,11,Yes
1989,Puppet Master,Science Fiction,LeMat  Paul,20,No
1991,Night Gallery,Horror,McDowall  Roddy,31,No
1989,Pet Sematary,Horror,Gwynne  Fred,27,No
1977,Slap Shot,Comedy,Newman  Paul,82,No
1987,O. C. y Stiggs,Comedy,Jenkins  Daniel H.,3,No
1988,A Fish Called Wanda,Comedy,Cleese  John,7,Yes
1954,A Lesson in Love,Comedy,Bjornstrand  Gunnar,48,No
1957,Brink of Life,Drama,Josephson  Erland,57,No
1986,Betty Blue,Drama,Anglade  Jean-Hughes,71,No
1979,Hair,Music,Savage  John,67,No
1989,National Lampoons Christmas Vacation,Comedy,Chase  Chevy,81,No
1990,Alice,Comedy,Baldwin  Alec,22,No
1990,Snow Kill,Drama,Knox  Terence,35,No
1969,True Grit,Western,Wayne  John,77,Yes
1948,Three Godfathers,Western,Wayne  John,72,No
1946,A Stolen Life,Drama,Ford  Glenn,20,No
1950,All about Eve,Drama,Sanders  George,23,Yes
1990,Quick Change,Comedy,Murray  Bill,24,No
1992,Beauty y the Beast,Science Fiction,Marais  Jean,14,No
1940,Foreign Correspondent,Mystery,McCrea  Joel,61,No
1942,Wheel of Fortune,Drama,Wayne  John,36,No
1989,Do the Right Thing,Drama,Aiello  Danny,5,No
1967,Elvira Madigan,Drama,Berggren  Thommy,28,No
1992,Hurricane Smith,Action,Weathers  Carl,16,No
1987,Fair Game,Action,Ford  Peter,24,No
1983,Risky Business,Comedy,Cruise  Tom,28,No
1980,I Love All of You (Je Vous Aime),Drama,Depardieu  Gerard,40,No
1986,Love Songs,Drama,Lambert  Christopher,15,No
1983,Le Choix des Armes,Mystery,Montand  Yves,15,No
1981,Choice of Arms,Action,Montand  Yves,87,No
1977,March or Die,War,Hackman  Gene,59,No
1986,Jean de Florette,Drama,Montand  Yves,87,Yes
1989,Fat Man y Little Boy,Drama,Newman  Paul,86,No
1990,Wild at Heart,Drama,Cage  Nicolas,6,No
1989,Family Business,Action,Connery  Sean,5,No
1988,Stand y Deliver,Drama,Olmos  Edward James,19,No
1981,Looker,Science Fiction,Finney  Albert,62,No
1989,Fire y Rain,Action,Haid  Charles,10,No
1940,Seven Sinners,Drama,Wayne  John,24,No
1961,Judgment at Nuremberg,Drama,Tracy  Spencer,39,Yes
1989,Minskys Follies,Comedy,Taylor  Rip,12,No
1987,Wings of Desire,Drama,Ganz  Bruno,71,No
1991,Until the End of the World,Drama,Hurt  William,57,No
1987,Castaway,Drama,Reed  Oliver,41,No
1991,Delicatessen,Comedy,Benezech  Pascal,78,No
1991,Hanover Street,Drama,Ford  Harrison,81,No
1991,Hunchback,Drama,Hopkins  Anthony,33,No
1946,My Darling Clementine,Western,Fonda  Henry,12,No
1950,Wagon Master,Western,Johnson  Ben,30,No
1949,She Wore a Yellow Ribbon,Western,Wayne  John,84,No
1985,Fantasy Man,Comedy,Hopkins  Harold,82,No
1986,Monster in the Closet,Comedy,Grant  Donald,39,No
1992,Double Edge,Drama,Eban  Abba,69,No
1976,Network,Comedy,Finch  Peter,48,Yes
1974,Chinatown,Drama,Nicholson  Jack,55,Yes
1975,Three Days of the Condor,Drama,Redford  Robert,87,No
1977,Voyage of the Damned,Drama,Sydow  Max von,34,No
1987,Barfly,Drama,Rourke  Mickey,23,No
1947,Life with Father,Comedy,Powell  William,10,No
1943,A Guy Named Joe,Drama,Tracy  Spencer,42,No
1974,Stavisky,Drama,Belmondo  Jean-Paul,1,No
1981,Time Bandits,Comedy,Cleese  John,5,No
1945,Flame of Barbary Coast,Western,Wayne  John,54,No
1984,Beverly Hills Cop,Comedy,Murphy  Eddie,41,No
1991,Blind Mans Bluff,Mystery,Urich  Robert,64,No
1961,La Dolce Vita,Drama,Mastroianni  Marcello,20,No
1966,After the Fox,Comedy,Sellers  Peter,60,No
1985,Marbella,Action,Taylor  Rod,45,No
1992,Killer Image.,Mystery,Ironside  Michael,8,No
1987,Kandyland,Drama,Laulette  Charles,41,No
1987,Campus Man,Drama,Dye  John,38,No
1956,Jubal,Drama,Ford  Glenn,32,No
1984,Broadway Danny Rose,Comedy,Allen  Woody,14,No
1992,Husbands y Wives,Comedy,Allen  Woody,80,No
1986,Hannah y Her Sisters,Comedy,Caine  Michael,8,Yes
1979,Hurricane,Action,Robards  Jason,8,No
1986,Between Two Women,Drama,Nouri  Michael,52,No
1936,Doughnuts y Society,Comedy,Nugent  Eddie,28,No
1978,Holocaust,Drama,Bottoms  Joseph,1,No
1990,Meridian,Science Fiction,Jamieson  Malcolm,47,No
1992,Diary of a Hitman,Drama,Whitaker  Forest,67,No
1988,Gor,Action,Reed  Oliver,2,No
1987,Surrender,Comedy,Caine  Michael,84,No
1984,Places in the Heart,Drama,Harris  Ed,83,Yes
1991,Not Without My Daughter,Drama,Molina  Alfred,55,No
1977,Heroes,Drama,Winkler  Henry,17,No
1981,Absence of Malice,Drama,Newman  Paul,76,No
1979,Norma Rae,Drama,Bridges  Beau,64,Yes
1989,Steel Magnolias,Drama,Skerritt  Tom,66,No
1977,Star Wars,Science Fiction,Hamill  Mark,44,No
1983,Return of the Jedi,Science Fiction,Hamill  Mark,4,No
1991,Hear My Song,Drama,Dunbar  Adrian,72,No
1956,Slightly Scarlet,Action,Payne  John,52,No
1957,Gunfight at the OK Corral,Western,Lancaster  Burt,84,No
1990,Bloodsucking Pharaohs in Pittsburgh,Comedy,Dengel  Jake,79,No
1972,Roma,Drama,Gonzales  Peter,75,No
1971,Klute,Drama,Sutherland  Donald,15,Yes
1965,Cat Ballou,Comedy,Marvin  Lee,62,Yes
1991,Coming Home,Drama,Voight  Jon,1,Yes
1940,Rebecca,Drama,Olivier  Laurence,78,Yes
1944,Jane Eyre,Drama,Welles  Orson,44,No
1973,Stacey,Action,Randall  Anne,31,No
1992,Naked Obsession,Mystery,Katt  William,26,No
1983,Valley Girl,Comedy,Cage  Nicolas,30,No
1988,Stealing Home,Drama,Harmon  Mark,76,No
1972,Napoleon y Samantha,Comedy,Douglas  Michael,33,No
1988,Five Corners,Drama,Robbins  Tim,88,No
1989,My Left Foot,Drama,Day-Lewis  Daniel,32,Yes
1987,Back to the Beach,Comedy,Avalon  Frankie,45,No
1931,Inspiration,Drama,Apfel  Oscar,66,No
1930,Anna Christie,Drama,Bickford  Charles,0,No
1928,Woman of Affairs,Drama,Gilbert  John,83,No
1935,Anna Karenina,Drama,March  Fredric,35,Yes
1936,Camille,Drama,Taylor  Robert,74,No
1931,Mata Hari,Drama,Novarro  Ramon,67,No
1929,Wild Orchids,Drama,Stone  Lewis,70,No
1932,Grand Hotel,Drama,Barrymore  John,81,Yes
1939,Ninotchka,Comedy,Douglas  Melvyn,40,No
1933,Queen Christina,Drama,Gilbert  John,82,No
1925,Joyless Street,Drama,Stuart  Henry,73,No
1932,As You Desire Me,Drama,Douglas  Melvyn,85,No
1930,Romance,Drama,Stone  Lewis,62,No
1962,A Child Is Waiting,Drama,Lancaster  Burt,60,No
1982,Tootsie,Comedy,Hoffman  Dustin,8,Yes
1989,Let It Ride,Comedy,Dreyfuss  Richard,88,No
1953,Julius Caesar,Drama,Brando  Marlon,50,No
1979,Nineteen Forty-One,Comedy,Belushi  John,24,No
1975,Jaws,Action,Scheider  Roy,6,No
1987,Hot Pursuit,Drama,Cusack  John,44,No
1989,Triumph of the Spirit,Drama,Dafoe  Willem,49,No
1975,Brannigan,Drama,Wayne  John,64,No
1979,Buffet Froid,Comedy,Depardieu  Gerard,75,No
1986,Salvador,Drama,Woods  James,77,No
1954,Long John Silver,Action,Newton  Robert,56,No
1988,Claras Heart,Drama,Ontkean  Michael,60,No
1987,Burglar,Comedy,Goldthwait  Bob,44,No
1986,Comic Relief,Comedy,Crystal  Billy,69,No
1978,Bloodbrothers,Drama,Sorvino  Paul,11,No
1988,Rain Man,Drama,Hoffman  Dustin,8,Yes
1966,Masculine Feminine,Drama,Leaud  Jean-Pierre,20,No
1988,Mamas Dirty Girls,Horror,Currie  Sondra,62,No
1991,Why Me?,Comedy,Lambert  Christopher,74,No
1932,Number Seventeen,Crime,Lion  Leon M.,66,No
1986,Manhunter,Drama,Petersen  William L.,19,No
1988,Working Girl,Comedy,Ford  Harrison,25,No
1992,Shining Through,Mystery,Douglas  Michael,11,No
1991,Slumber Party Massacre III,Horror,Christian  Keely,40,No
1988,Tokyo Pop,Comedy,Tadokoro  Yutaka,2,No
1991,Terminator 2,Action,Schwarzenegger  Arnold,8,No
1986,King Kong Lives,Action,Kerwin  Brian,20,No
1969,Those Daring Young Men in Their Jaunty,Comedy,Curtis  Tony,59,No
1991,At Play in the Fields of the Lord,Drama,Berenger  Tom,81,No
1990,Crazy People,Comedy,Moore  Dudley,61,No
1992,Memoirs of an Invisible Man,Comedy,Chase  Chevy,58,No
1984,Reckless,Drama,Quinn  Aidan,14,No
1989,High Spirits,Comedy,OToole  Peter,53,No
1987,Roxanne,Comedy,Martin  Steve,66,No
1982,Blade Runner,Action,Ford  Harrison,1,No
1987,Wall Street,Drama,Douglas  Michael,6,Yes
1992,Pope of Greenwich Village,Drama,Rourke  Mickey,58,No
1989,After School,Drama,Bottoms  Sam,59,No
1938,Flaming Frontiers,Western,Brown  Johnny Mack,82,No
1936,Libeled Lady,Comedy,Powell  William,86,No
1976,Inserts,Drama,Dreyfuss  Richard,85,No
1983,Tender Mercies,Drama,Duvall  Robert,61,Yes
1987,Nights in White Satin,Drama,Gilman  Kenneth,5,No
1989,Videodrome,Horror,Woods  James,36,No
1991,Intimate Stranger,Mystery,Russo  James,23,No
1986,Highlander,Science Fiction,Lambert  Christopher,8,No
1987,Bodycount,Action,White  Bernie,51,No
1989,Tango y Cash,Action,Stallone  Sylvester,9,No
1970,Theres a Girl in My Soup,Comedy,Sellers  Peter,41,No
1984,Swing Shift,Drama,Russell  Kurt,81,No
1978,Foul Play,Comedy,Chase  Chevy,46,No
1982,Best Friends,Comedy,Reynolds  Burt,74,No
1972,Butterflies Are Free,Drama,Albert  Edward,82,Yes
1987,Overboard,Comedy,Russell  Kurt,6,No
1992,Housesitter,Comedy,Martin  Steve,14,No
1986,Wildcats,Comedy,Keach  James,22,No
1984,Protocol,Comedy,Sarandon  Chris,53,No
1980,Seems Like Old Times,Comedy,Chase  Chevy,49,No
1980,Private Benjamin,Comedy,Assante  Armand,61,No
1991,Deceived,Mystery,Heard  John,55,No
1931,Arrowsmith,Drama,Colman  Ronald,84,No
1972,Say Goodbye Maggie Cole,Drama,McGavin  Darren,84,No
1964,Circus World,Drama,Wayne  John,29,No
1952,Affair in Trinidad,Drama,Ford  Glenn,49,No
1948,Lady from Shanghai,Mystery,Welles  Orson,16,No
1940,Lady in Question,Drama,Aherne  Brian,57,No
1946,Gilda,Drama,Ford  Glenn,57,No
1990,Dick Tracy,Comedy,Beatty  Warren,84,No
1964,Marnie,Drama,Connery  Sean,2,No
1987,Hot Child in the City,Mystery,Prysirr  Geof,0,No
1984,Johnny Dangerously,Comedy,Piscopo  Joe,3,No
1985,Stark,Mystery,Surovy  Nicolas,27,No
1949,Three Strange Loves,Drama,Malmsten  Birger,87,No
1964,My Fair Lady,Music,Harrison  Rex,10,Yes
1976,Robin y Marian,Action,Connery  Sean,6,No
1952,Pat y Mike,Comedy,Tracy  Spencer,48,No
1967,Guess Whos Coming to Dinner,Drama,Tracy  Spencer,50,Yes
1957,Desk Set,Comedy,Tracy  Spencer,51,No
1975,Rooster Cogburn,Western,Wayne  John,76,No
1981,On Golden Pond,Drama,Fonda  Henry,23,Yes
1991,Adams Rib,Comedy,Tracy  Spencer,62,No
1991,Boom Town,Drama,Tracy  Spencer,73,No
1991,Dragon Seed,Drama,Tracy  Spencer,34,No
1991,Little Women,Drama,Tracy  Spencer,22,No
1991,Without Love,Comedy,Tracy  Spencer,66,No
1991,Woman of the Year,Comedy,Tracy  Spencer,12,No
1992,Juice,Drama,Shakur  Tupac,31,No
1986,Hoosiers,Drama,Hackman  Gene,2,No
1987,Tin Men,Comedy,Dreyfuss  Richard,50,No
1991,Paris Trout,Drama,Hopper  Dennis,53,No
1988,Souvenir,Drama,Plummer  Christopher,42,No
1966,A Man for All Seasons,Drama,Shaw  Robert,20,Yes
1986,Knights y Emeralds,Drama,Leadbitter  Bill,,No
1989,Masque of the Red Death,Horror,MacNee  Patrick,9,No
1992,Adventures in Dinosaur City,Action,Katz  Omri,19,No
1980,Caddyshack,Comedy,Chase  Chevy,70,No
1973,Tom Sawyer,Music,Whitaker  Johnny,11,No
1947,Hawk of Powder River,Western,Dean  Eddie,61,No
1928,Tempest,Drama,Barrymore  John,33,No
1986,Running Mates,Drama,Webb  Greg,63,No
1987,Prettykill,Drama,Birney  David,71,No
1934,Judge Priest,Drama,Rogers  Will,9,No
1950,Harvey,Comedy,Stewart  James,42,No
1991,If Looks Could Kill,Action,Grieco  Richard,10,No
1987,Raising Arizona,Comedy,Cage  Nicolas,23,No
1989,Once Around,Comedy,Dreyfuss  Richard,68,No
1980,Loulou,Drama,Depardieu  Gerard,65,No
1980,Virus,Science Fiction,Kennedy  George,62,No
1940,Northwest Passage,Action,Tracy  Spencer,51,No
1987,Gardens of Stone,Drama,Caan  James,27,No
1932,Freaks,Horror,Ford  Wallace,61,No
1991,Necessary Roughness,Comedy,Bakula  Scott,60,No
1990,A Show of Force,Drama,Garcia  Andy,1,No
1988,Crossing Delancey,Comedy,Riegert  Peter,6,No
1987,Business As Usual,Comedy,Thaw  John,17,No
1973,A Touch of Class,Comedy,Segal  George,79,Yes
1970,Women in Love.,Drama,Bates  Alan,18,No
1988,Salomes Last Dance,Comedy,Johns  Stratford,76,No
1986,Casino,Mystery,Connors  Mike,5,No
1955,Smiles of a Summer Night,Comedy,Bjornstrand  Gunnar,58,No
1989,New Years Day,Comedy,Jaglom  Henry,88,No
1981,Mephisto,Drama,Brandauer  Klaus Maria,80,Yes
1927,Easy Virtue,Mystery,Dyall  Franklin,45,No
1937,Swing It Sailor,Comedy,Ford  Wallace,6,No
1991,Strictly Business,Comedy,Davidson  Tommy,3,No
1983,Blame It on Rio,Comedy,Caine  Michael,10,No
1987,Straight to Hell,Action,Hopper  Dennis,47,No
1990,A View to a Kill,Action,Moore  Roger,44,No
1986,American Anthem,Drama,Gaylord  Mitch,74,No
1963,Bedtime Story,Comedy,Brando  Marlon,7,No
1948,Port of Call,Drama,Eklund  Bengt,29,No
1973,Paper Moon,Comedy,ONeal  Ryan,3,Yes
1983,Yellowbeard,Comedy,Chapman  Graham,34,No
1975,Adventures of Sherlock Holmes Smarter,Comedy,Wilder  Gene,42,No
1990,Flashback,Comedy,Hopper  Dennis,19,No
1955,Killers Kiss,Mystery,Silvera  Frank,66,No
1983,Breathless,Action,Gere  Richard,51,No
1989,Born on the Fourth of July,Drama,Cruise  Tom,8,Yes
1991,Awakenings,Drama,De Niro  Robert,8,No
1977,Annie Hall,Comedy,Allen  Woody,68,Yes
1979,Manhattan,Comedy,Allen  Woody,82,Yes
1981,Reds,Drama,Beatty  Warren,76,Yes
1986,Crimes of the Heart,Comedy,Shepard  Sam,84,No
1977,Looking for Mr. Goodbar,Drama,Atherton  William,54,No
1975,Love y Death,Comedy,Allen  Woody,84,No
1973,Sleeper,Comedy,Allen  Woody,59,No
1970,Fellini Satyricon,Drama,Potter  Martin,88,No
1977,Black Sunday,Drama,Shaw  Robert,76,No
1977,Bobby Deerfield,Drama,Pacino  Al,36,No
1972,Last of the Red Hot Lovers,Comedy,Arkin  Alan,40,No
1953,Mogambo,Action,Gable  Clark,71,No
1955,To Catch a Thief,Mystery,Grant  Cary,69,No
1954,Rear Window,Mystery,Stewart  James,25,No
1945,Woman Who Came Back,Drama,Kruger  Otto,26,No
1939,Stanley y Livingstone,Action,Tracy  Spencer,11,No
1989,Lethal Weapon 2,Action,Gibson  Mel,69,No
1992,Blame It on the Bellboy,Comedy,Moore  Dudley,69,No
1987,Superman IV: The Quest for Peace,Action,Reeve  Christopher,77,No
1970,Quackser Fortune Has a Cousin in the Bronx,Comedy,Wilder  Gene,49,No
1989,Dead Calm,Mystery,Neill  Sam,1,No
1990,Days of Thunder,Action,Cruise  Tom,3,No
1987,My Life As a Dog,Comedy,Glanzelius  Anton,21,No
1984,Unfaithfully Yours,Comedy,Moore  Dudley,73,No
1987,Bullseye,Comedy,Caine  Michael,8,No
1989,Erik the Viking,Action,Robbins  Tim,25,No
1987,Dragonard,Drama,Reed  Oliver,71,No
1986,Hard Choices,Drama,McCleery  Gary,41,No
1984,A Year of the Quiet Sun,Drama,Wilson  Scott,78,No
1990,Almost an Angel,Comedy,Hogan  Paul,14,No
1986,Crocodile Dundee,Comedy,Hogan  Paul,66,No
1989,See You in the Morning,Drama,Bridges  Jeff,53,No
1989,Draculas Widow,Horror,Sommer  Josef,55,No
1987,Ninja Masters of Death,Action,Peterson  Chris,15,No
1990,Mystery Train,Comedy,Nagase  Masatoshi,23,No
1978,Go Tell the Spartans,War,Lancaster  Burt,67,No
1986,True Stories,Comedy,Goodman  John,79,No
1953,Ugetsu Monogatari,Drama,Mori  Masayuki,82,No
1969,Rebel Rousers,Action,Nicholson  Jack,44,No
1988,Plain Clothes,Comedy,Howard  Arliss,4,No
1988,Running on Empty,Drama,Hirsch  Judd,2,No
1990,Funny about Love,Comedy,Wilder  Gene,60,No
1986,Stewardess School,Comedy,Most  Donald,28,No
1983,Rumble Fish,Drama,Dillon  Matt,4,No
1990,Priceless Beauty,Science Fiction,Lambert  Christopher,7,No
1989,Streets of Fire,Action,Pare  Michael,65,No
1990,Men Dont Leave,Drama,Howard  Arliss,66,No
1988,Everybodys All American,Romance,Quaid  Dennis,62,No
1992,Cape Fear,Mystery,De Niro  Robert,7,No
1949,Crashing Thru,Western,Wilson  Whip,19,No
1978,Get Out Your Handkerchiefs,Comedy,Depardieu  Gerard,78,Yes
1990,Hard To Kill,Action,Seagal  Steven,49,No
1960,Psycho,Horror,Perkins  Anthony,56,No
1957,Jet Pilot,Action,Wayne  John,43,No
1987,Under Cover,Mystery,Neidorf  David,36,No
1951,A Streetcar Named Desire,Drama,Brando  Marlon,75,Yes
1985,Christopher Columbus,Drama,Byrne  Gabriel,69,No
1989,In Country,Drama,Willis  Bruce,76,No
1980,Bronco Billy,Westerns,Eastwood  Clint,57,No
1986,Ratboy,Drama,Townsend  Robert,1,No
1938,Lady Vanishes,Mystery,Redgrave  Michael,27,No
1959,Carlton-Browne of the F.O.,Comedy,Terry-Thomas 63,No,
1929,Racketeer,Drama,Armstrong  Robert,2,No
1941,Mr. y Mrs. Smith,Comedy,Montgomery  Robert,3,No
1986,Alrededor de Medianoche,Drama,Francois Cluzet 47,No,
1982,Losin It,Comedy,Cruise  Tom,4,No
1987,Into the Homeland,Action,Boothe  Powers,34,No
1991,Boxing Babes,Action,Nichol  Robin,9,No
1991,Shock em Dead,Horror,Donahue  Troy,31,No
1960,Heller in Pink Tights,Drama,Quinn  Anthony,52,No
1961,Two Women,Drama,Belmondo  Jean-Paul,83,Yes
1957,Legend of the Lost,Action,Wayne  John,84,No
1978,Brass Target,Action,Cassavetes  John,53,No
1961,El Cid,Drama,Heston  Charlton,10,No
1958,Desire under the Elms,Drama,Perkins  Anthony,13,No
1953,Two Nights with Cleo,Drama,Sordi  Alberto,54,No
1977,Angela,Drama,Railsback  Steve,80,No
1977,A Special Day,Drama,Mastroianni  Marcello,80,Yes
1979,Blood Feud,Action,Mastroianni  Marcello,52,No
1990,Running Away,Drama,Loggia  Robert,2,No
1991,Man of La Mancha,Music,OToole  Peter,55,No
1992,Operation Crossbow,Action,Peppard  George,1,No
1986,Courage,Drama,Williams  Billy Dee,56,No
1986,RAD,Action,Allen  Bill,75,No
1992,Secret Admirer,Comedy,Howell  C. Thomas,55,No
1979,Cocaine Cowboys,Action,Palance  Jack,17,No
1991,Test Pilot,Drama,Gable  Clark,13,No
1991,Curly Sue,Comedy,Belushi  Jim,2,No
1962,Lolita,Drama,Mason  James,80,No
1990,Green Card,Comedy,Depardieu  Gerard,25,No
1988,Gator Bait II,Action,Muzzcat  Paul,73,No
1979,Being There,Comedy,Sellers  Peter,31,Yes
1983,Terms of Endearment,Drama,Nicholson  Jack,32,Yes
1967,Woman Times Seven,Comedy,Sellers  Peter,36,No
1990,Postcards from the Edge,Comedy,Quaid  Dennis,63,No
1970,Two Mules for Sister Sara,Western,Eastwood  Clint,36,No
1992,Dragonfight,Drama,ZDar  Robert,71,No
1939,Back Door to Heaven,Drama,Ford  Wallace,83,No
1988,Ciao Italia, Madonna Live from Italy,Music ,74,No
1991,Madonna, Truth or Dare,Music ,54,No
1992,A Certain Sacrifice,Music,Pattnosh  Jeremy,24,No
1990,Immaculate Collection, The,Music ,32,No
1987,Madonna Live, The Virgin Tour,Music ,75,No
1990,Madonna, Justify My Love,Music ,77,No
1991,Madonna, Like a Virgin,Music ,63,No
1988,Hot to Trot,Comedy,Goldthwait  Bob,78,No
1986,Fire with Fire,Drama,Sheffer  Craig,9,No
1990,Hot Spot,Drama,Johnson  Don,70,No
1974,Amarcord,Drama,Noel  Magali,50,Yes
1988,Casablanca Express,Action,Connery  Jason,33,No
1980,Out of the Blue,Drama,Hopper  Dennis,4,No
1949,Sands of Iwo Jima,War,Wayne  John,72,No
1989,Deep Cover,Mystery,Conti  Tom,15,No
1955,Il Bidone,Drama,Crawford  Broderick,70,No
1986,El Guerrero Solitario,Drama,Eastwood  Clint,77,No
1986,Heartbreak Ridge,War,Eastwood  Clint,61,No
1991,Audrey Rose,Drama,Hopkins  Anthony,62,No
1981,Polyester,Comedy,Divine 68,No,
1991,Robin Hood: Prince of Thieves,Action,Costner  Kevin,8,No
1992,White Sands,Drama,Dafoe  Willem,38,No
1986,Children of a Lesser God,Drama,Hurt  William,20,Yes
1986,Matador,Comedy,Banderas  Antonio,34,No
1989,Women on the Verge of a Nervous Breakdown,Comedy,Banderas  Antonio,65,No
1980,Pepi Luci Bom,Comedy,Rotaeta  Felix,66,No
1990,After the Shock,Drama,Kotto  Yaphet,28,No
1990,Modern Love,Comedy,Benson  Robby,18,No
1992,Riff Raff,Comedy,Carlyle  Robert,71,No
1990,Dances with Wolves,Western,Costner  Kevin,8,Yes
1987,Matewan,Drama,Jones  James Earl,81,No
1988,Mississippi Burning,Drama,Hackman  Gene,41,Yes
1988,Unsettled Land,Drama,Shea  John,75,No
1991,Cat Chaser,Drama,Weller  Peter,6,No
1989,Winter People,Drama,Russell  Kurt,30,No
1987,Made in Heaven,Fantasy,Hutton  Timothy,57,No
1986,Top Gun,Action,Cruise  Tom,8,No
1985,Witness,Drama,Ford  Harrison,59,No
1984,Racing with the Moon,Drama,Penn  Sean,50,No
1983,Lovesick,Comedy,Moore  Dudley,51,No
1988,Shes Having a Baby,Comedy,Hughes  Kevin Bacon,18,No
1989,Hawks,Drama,Dalton  Timothy,11,No
1981,So Fine,Comedy,ONeal  Ryan,17,No
1957,Paths of Glory,Drama,Douglas  Kirk,47,No
1964,Tom Jones,Drama,Ustinov  Peter,39,Yes
1988,Caddyshack 2,Comedy,Mason  Jackie,34,No
1990,Internal Affairs,Drama,Gere  Richard,3,No
1991,JFK,Drama,Costner  Kevin,78,No
1991,New Jack City,Action,Snipes  Wesley,80,No
1991,Scenes from a Mall,Comedy,Allen  Woody,8,No
1987,Hope y Glory,War,Hayman  David,3,No
1970,Ryans Daughter,Drama,Mitchum  Robert,81,Yes
1989,Dead-Bang,Action,Johnson  Don,9,No
1988,Big Top Pee-wee,Comedy,Reubens  Paul,17,No
1972,Cabaret,Drama,Grey  Joel,59,Yes
1981,Arthur,Comedy,Moore  Dudley,79,Yes
1976,A Matter of Time,Drama,Boyer  Charles,70,No
1991,Four American Composers,Music,Cage  John,3,No
1992,Ladies of the Chorus,Music,Garr  Eddie,60,No
1953,How to Marry a Millionaire,Comedy,Powell  William,65,No
1983,Hollywood Out-Takes y Rare Footage,Comedy,Bogart  Humphrey,27,No
1991,Nothing But Trouble,Comedy,Candy  John,25,No
1987,Wisdom,Action,Estevez  Emilio,25,No
1986,One Crazy Summer,Comedy,Cusack  John,61,No
1989,Were No Angels,Comedy,De Niro  Robert,51,No
1984,No Small Affair,Comedy,Cryer  Jon,10,No
1990,Ghost,Science Fiction,Swayze  Patrick,6,Yes
1986,About Last Night,Drama,Lowe  Rob,66,No
1982,Six Weeks,Drama,Moore  Dudley,73,No
1948,Return of October,Comedy,Ford  Glenn,35,No
1974,Going Places,Drama,Depardieu  Gerard,66,No
1970,Monte Walsh,Western,Marvin  Lee,29,No
1955,Mr. Arkadin,Drama,Welles  Orson,80,No
1988,White of the Eye,Mystery,Keith  David,48,No
1987,House of the Rising Sun,Drama,Annese  Frank,45,No
1988,In a Shallow Grave,Drama,Biehn  Michael,72,No
1974,Mc Q,Action,Wayne  John,73,No
1941,Lady from Louisiana,Drama,Wayne  John,38,No
1990,Wait Until Spring Bandini,Drama,Mantegna  Joe,29,No
1987,Encounters,Drama,Von Bergan  Raven,44,No
1963,Hud,Drama,Newman  Paul,2,Yes
1951,Operation Pacific,War,Wayne  John,5,No
1987,Surf Nazis Must Die,Horror,Brenner  Barry,50,No
1956,Teahouse of the August Moon,Drama,Brando  Marlon,11,No
1992,Back in the U.S.S.R.,Action,Whaley  Frank,61,No
1991,Prisoner of Honor.,Drama,Dreyfuss  Richard,58,No
1988,Control,Drama,Lancaster  Burt,27,No
1923,Desert Rider,Western,Hoxie  Jack,,No
1980,Wholly Moses,Comedy,Moore  Dudley,25,No
1991,Star Trek VI: The Undiscovered Country,Science Fiction,Shatner  William,11,No
1989,Star Trek V: The Final Frontier,Action,Shatner  William,87,No
1991,Circuitry Man,Action,Metzler  Jim,78,No
1986,Cobra,Action,Stallone  Sylvester,57,No
1987,Beverly Hills Cop II,Comedy,Murphy  Eddie,37,No
1990,Red Sonja,Action,Schwarzenegger  Arnold,40,No
1950,To Joy,Drama,Olin  Stig,65,No
1992,Macbeth,Drama,Welles  Orson,45,No
1958,Vertigo,Drama,Stewart  James,10,No
1987,Young Love: Lemon Popsicle Seven,Comedy,Katzur  Yftach,47,No
1946,Crack-Up,Mystery,Marshall  Herbert,25,No
1941,Bury Me Not on the Lone Prairie,Western,Brown  Johnny Mack,85,No
1940,Law y Order,Western,Brown  Johnny Mack,87,No
1941,Man from Montana,Western,Brown  Johnny Mack,85,No
1950,Rio Grande,Western,Wayne  John,64,No
1939,Jamaica Inn,Drama,Laughton  Charles,75,No
1971,Big Jake,Action,Wayne  John,68,No
1983,After the Rehearsal,Drama,Josephson  Erland,0,No
1952,Big Jim McLain,Western,Wayne  John,14,No
1969,Smith,Western,Ford  Glenn,62,No
1978,International Velvet,Drama,Hopkins  Anthony,40,No
1981,Scanners,Horror,Lack  Stephen,32,No
1986,Trick or Treat,Horror,Price  Marc,47,No
1982,48 Hrs.,Action,Nolte  Nick,67,No
1955,Mister Roberts,Comedy,Fonda  Henry,8,Yes
1969,Z,Drama,Montand  Yves,72,Yes
1987,Maurice,Drama,Wilby  James,45,No
1969,Hamlet,Drama,Williamson  Nicol,39,No
1991,La Femme Nikita,Drama,Karyo  Tcheky,6,No
1993,Honeymoon in Vegas,Comedy,Caan  James,53,No
1988,Going for the Gold,Action,Edwards  Anthony,10,No
1976,Shout at the Devil,Action,Marvin  Lee,0,No
1986,A Smoky Mountain Christmas,Music,Majors  Lee,23,No
1984,Getting Physical,Drama,Naughton  David,75,No
1990,Torn Apart,Drama,Pasdar  Adrian,8,No
1986,From the Hip,Comedy,Nelson  Judd,36,No
1992,Class Act,Drama,Reid  Christopher,88,No
1986,Water,Comedy,Caine  Michael,47,No
1978,Silent Movie,Comedy,Brooks  Mel,27,No
1989,Pink Cadillac,Comedy,Eastwood  Clint,12,No
1980,Wild Times,,Elliott  Sam,75,No
1986,Sweet Liberty,Comedy,Alda  Alan,12,No
1982,Grease II,Music,Caulfield  Maxwell,64,No
1989,Married to the Mob,Comedy,Modine  Matthew,8,No
1985,Ladyhawke,Adventure,Broderick  Matthew,68,No
1985,Into the Night,Comedy,Goldblum  Jeff,62,No
1988,Tequila Sunrise,Mystery,Gibson  Mel,50,No
1989,B. A. D. Cats,Action,Morrow  Vic,87,No
1973,Dillinger,Drama,Oates  Warren,83,No
1988,Little Dorrit,Drama,Jacobi  Derek,12,No
1927,My Best Girl,Drama,Rogers  Charles,31,No
1989,Seizure,Horror,Frid  Jonathan,59,No
1990,A Chorus of Disapproval,Comedy,Irons  Jeremy,0,No
1962,Rome Adventure,Drama,Donahue  Tony,39,No
1992,Drowning by Numbers,Mystery,Hill  Bernard,28,No
1991,Born to Ride,Action,Stamos  John,59,No
1988,Her Alibi,Comedy,Selleck  Tom,80,No
1988,Glitz,Mystery,Smits  Jimmy,9,No
1990,Dangerous Pursuit,Mystery,Harrison  Gregory,88,No
1962,Experiment in Terror,Mystery,Ford  Glenn,77,No
1965,Whats New Pussycat,Comedy,OToole  Peter,83,No
1965,Whats New Pussycat?,Comedy,Sellers  Peter,46,No
1983,Packin It In,Comedy,Benjamin  Richard,8,No
1990,In Too Deep,Drama,Race  Hugo,50,No
1988,Twins,Comedy,Schwarzenegger  Arnold,23,No
1989,Naked Lie,Drama,Lucking  William,7,No
1987,Mistress,Drama,Rachins  Allan,36,No
1992,Pleasure Palace,Action,Sharif  Omar,45,No
1970,Adam at 6 A.M.,Drama,Douglas  Michael,3,No
1990,Web of Deceit,Drama,Read  James,6,No
1991,New York Stories,Comedy,Allen  Woody,6,No
1987,Au Revoir les Enfants,Drama,Manesse  Gaspard,35,No
1989,Quo Vadis,Drama,Brandauer  Klaus Maria,6,No
1974,Zardoz,Science Fiction,Connery  Sean,6,No
1989,Police Academy 6: City under Siege,Comedy,Smith  Bubba,29,No
1988,Police Academy 5: Assignment Miami Beach,Comedy,Gaynes  George,59,No
1986,Police Academy 3: Back in Training,Comedy,Guttenberg  Steve,6,No
1977,Julia,Drama,Fonda  Vanessa,75,Yes
1984,Ransom,Drama,Ford  Glenn,73,No
1990,Cadillac Man,Comedy,Williams  Robin,28,No
1985,Death of a Salesman,Drama,Hoffman  Dustin,13,No
1993,It Started with a Kiss,Drama,Ford  Glenn,80,No
1987,Empire of the Sun,Drama,Malkovich  John,6,No
1969,On Her Majestys Secret Service,Action,Lazenby  George,66,No
1986,Pretty in Pink,Drama,Stanton  Harry Dean,75,No
1987,PK. y the Kid.,Drama,LeMat  Paul,49,No
1986,Summer,Comedy,Gauthier  Vincent,11,No
1990,Pretty Woman,Comedy,Gere  Richard,43,No
1991,Flatliners,Drama,Sutherland  Kiefer,19,No
1991,Hook,Action,Williams  Robin,4,No
1940,Riders of Pasco Basin,Western,Brown  Johnny Mack,17,No
1990,Desperate Hours,Mystery,Rourke  Mickey,58,No
1986,Gung Ho,Comedy,Keaton  Michael,59,No
1992,Shooting Elizabeth,Mystery,Goldblum  Jeff,5,No
1951,Strangers on a Train,Mystery,Granger  Farley,17,No
1991,To Die Standing,Action,De Young  Cliff,53,No
1980,Rodeo Girl,Drama,Hopkins  Bo,80,No
1969,Butch Cassidy y the Sundance Kid,Western,Newman  Paul,29,Yes
1968,Hellfighters,Action,Wayne  John,22,No
1986,Blue Velvet,Mystery,MacLachlan  Kyle,6,No
1989,Cousins,Comedy,Danson  Ted,28,No
1976,Black y White in Color,Comedy,Carmet  Jean,24,Yes
1988,Another Woman,Drama,Hackman  Gene,7,No
1992,Night on Earth,Drama,Benigni  Roberto,24,No
1988,Permanent Record,Drama,Boyce  Alan,42,No
1991,Another You,Comedy,Pryor  Richard,75,No
1988,Cheerleader Camp,Horror,Garrett  Leif,79,No
1990,Trapper County War,Action,Hudson  Ernie,5,No
1947,Angel y the Badman,Western,Wayne  John,84,No
1990,Impulse,Mystery,Fahey  Jeff,23,No
1988,Track Twenty-Nine,Drama,Oldman  Gary,48,No
1991,Freejack,Action,Estevez  Emilio,26,No
1987,Innerspace,Science Fiction,Quaid  Dennis,41,No
1990,Joe Versus the Volcano,Comedy,Hanks  Tom,17,No
1972,Cancel My Reservation,Comedy,Hope  Bob,60,No
1991,North by Northwest,Mystery,Grant  Cary,20,No
1992,Exodus,Drama,Newman  Paul,13,No
1985,Out of the Darkness,Mystery,Sheen  Martin,86,No
1974,Steppenwolf,Drama,Sydow  Max von,20,No
1968,Partner,Drama,Clementi  Pierre,26,No
1971,Dirty Harry,Drama,Eastwood  Clint,72,No
1986,Ferris Buellers Day Off,Comedy,Broderick  Matthew,12,No
1986,Legend,Science Fiction,Cruise  Tom,42,No
1989,A Dry White Season,Drama,Sutherland  Donald,71,No
1968,War y Peace,Drama,Tikhonov  Vyacheslav,80,Yes
1992,Defense of the Realm,Drama,Elliott  Denholm,79,No
1991,Basil The Rat,Comedy,Cleese  John,9,No
1991,Going Under,Comedy,Pullman  Bill,30,No
1990,U S. Sub Standard.,Comedy,Pullman  Bill,27,No
1990,Hells Angels on Wheels,Action,Nicholson  Jack,1,No
1973,Last Tango in Paris,Drama,Brando  Marlon,28,No
1987,Indigo Autumn y Lilac Dream,Drama,Singer  Marc,72,No
1966,Johnny Tiger,Drama,Taylor  Robert,69,No
1986,Head Office,Comedy,Reinhold  Judge,88,No
1990,Live y Let Die,Action,Moore  Roger,62,No
1972,Le Charme Discret de la Bourgeoisie,Comedy,Rey  Fernando,4,Yes
1986,Blue City,Action,Nelson  Judd,38,No
1983,Bad Boys,Drama,Penn  Sean,7,No
1981,Endless Love,Drama,Hewitt  Martin,20,No
1976,Rocky,Drama,Stallone  Sylvester,78,Yes
1988,Cocktail,Drama,Cruise  Tom,13,No
1936,Sabotage,Mystery,Homolka  Oskar,74,No
1977,Madame Rosa,Drama,Youb  Samy Ben,11,Yes
1985,Fozzies Muppet Scrapbook,Comedy,Berle  Milton,86,No
1954,Desiree,Drama,Brando  Marlon,22,No
1960,Spartacus,Drama,Douglas  Kirk,67,Yes
1955,Guys y Dolls,Comedy,Brando  Marlon,70,Yes
1992,Until They Sail,Drama,Newman  Paul,77,No
1988,Coming to America,Comedy,Murphy  Eddie,11,No
1963,Lilies of the Field,Drama,Poitier  Sidney,36,Yes
1987,Rivers Edge,Drama,Glover  Crispin,3,No
1986,Ruthless People,Comedy,DeVito  Danny,84,No
1988,Funny Farm,Comedy,Chase  Chevy,30,No
1978,California Suite,Comedy,Caine  Michael,11,Yes
1986,Maximum Overdrive,Horror,Estevez  Emilio,40,No
1985,Pale Rider,Western,Eastwood  Clint,45,No
1986,French Lesson,Comedy,Sterling  Alexandre,29,No
1985,Roller Blade,Action,Hutchinson  Jeff,31,No
1964,A Shot in the Dark,Comedy,Sellers  Peter,51,No
1982,Missing,Drama,Lemmon  Jack,30,No
1989,Picasso Trigger,Action,Bond  Steve,20,No
1987,Hard Ticket to Hawaii,Action,Moss  Ronn,36,No
1990,Diamonds are Forever,Action,Connery  Sean,8,No
1933,Baby Face,Drama,Brent  George,66,No
1985,Cocoon,Science Fiction,Ameche  Don,45,Yes
1986,Clockwise,Comedy,Cleese  John,10,No
1993,Romantic Comedy,Comedy,Moore  Dudley,8,No
1981,Outland,Science Fiction,Connery  Sean,7,No
1967,Hang em High,Western,Eastwood  Clint,67,No
1992,Basic Instinct,Mystery,Douglas  Michael,41,No
1990,Total Recall,Action,Schwarzenegger  Arnold,8,No
1987,Stakeout,Comedy,Dreyfuss  Richard,13,No
1987,Ironweed,Drama,Nicholson  Jack,32,No
1979,Kramer vs. Kramer,Drama,Hoffman  Dustin,8,Yes
1988,Still of the Night,Mystery,Scheider  Roy,42,No
1991,Defending Your Life,Comedy,Brooks  Albert,75,No
1984,Falling in Love,Drama,De Niro  Robert,31,No
1986,Heartburn,Comedy,Nicholson  Jack,57,No
1983,Silkwood,Drama,Russell  Kurt,52,No
1982,Sophies Choice,Drama,Kline  Kevin,64,Yes
1985,Out of Africa,Drama,Redford  Robert,88,Yes
1985,Plenty,Drama,Dance  Charles,9,No
1988,A Cry in the Dark,Drama,Neill  Sam,67,No
1992,Death Becomes Her,Drama,Willis  Bruce,61,No
1991,Kids y Pesticides,Drama,Whyatt  Robin,36,No
1970,On a Clear Day You Can See Forever,Music,Montand  Yves,67,No
1987,Nuts,Drama,Dreyfuss  Richard,52,No
1983,Yentl,Music,Patinkin  Mandy,46,No
1968,Funny Girl,Music,Sharif  Omar,30,Yes
1990,Fellow Traveller,Drama,Travanti  Daniel J.,39,No
1970,Dodesukaden,Drama,Zushi  Yoshitaka,75,No
1941,So Ends Our Night,Drama,March  Fredric,2,No
1984,Sword of the Valiant,Action,OKeeffe  Miles,5,No
1989,Driving Miss Daisy,Drama,Freeman  Morgan,6,Yes
1983,Between Friends,Drama,Ramer  Henry,54,No
1957,Raintree County,Drama,Clift  Montgomery,74,No
1967,Reflections in a Golden Eye,Drama,Brando  Marlon,81,No
1968,Secret Ceremony,Drama,Mitchum  Robert,60,No
1963,Cleopatra,Drama,Burton  Richard,80,No
1950,Father of the Bride,Comedy,Taylor  Rod,54,No
1992,Whos Afraid of Virginia Woolf?,Drama,Burton  Richard,82,Yes
1977,A Little Night Music,Music,Cariou  Len,61,No
1956,Giant,Drama,Hudson  Rock,61,Yes
1943,Lassie Come Home,Drama,McDowall  Roddy,79,No
1993,Return Engagement,Drama,Bottoms  Joseph,26,No
1972,Hammersmith Is Out,Drama,Burton  Richard,80,No
1991,Super Duper Bloopers,Comedy,Cooper  Gary,21,No
1973,Ash Wednesday,Drama,Fonda  Henry,54,No
1931,Cimarron,Western,Dix  Richard,44,Yes
1992,Apache Woman,Western,Bridges  Lloyd,32,No
1984,Gary Numan - Berzerker,Music,Webb  John,60,No
1988,Mystic Pizza,Comedy,Moses  William,74,No
1991,Dogfight,Action,Phoenix  River,66,No
1935,Adventures of Rex y Rinty, The,Western Rex the Wonder Horse,87,No
1988,Daphnis y Chloe,Music,Morrow  Carl,85,No
1980,Marathon,Comedy,Newhart  Bob,76,No
1948,Fort Apache,Western,Fonda  Henry,4,No
1937,Wee Willie Winkie,Drama,Romero  Cesar,78,No
1987,Big Shots,Action,Busker  Ricky,5,No
1988,Doin Time on Planet Earth,Comedy,Strouse  Nocholas,44,Yes
1983,All the Right Moves,Drama,Cruise  Tom,65,No
1987,Some Kind of Wonderful,Drama,Stoltz  Eric,16,No
1985,Back to the Future,Comedy,Fox  Michael J.,9,No
1963,Winter Light,Drama,Bjornstrand  Gunnar,2,No
1986,Critical Condition,Comedy,Pryor  Richard,41,No
1989,Center of the Web,Mystery,Curtis  Tony,42,No
1990,Border Shootout,Action,Ford  Glenn,7,No
1989,Lean on Me,Drama,Freeman  Morgan,51,No
1986,On Wings of Eagles,Drama,Lancaster  Burt,53,No
1941,Texas,Western,Holden  William,79,No
1939,Allegheny Uprising,Drama,Wayne  John,53,No
1940,Dark Command,Western,Wayne  John,52,No
1986,Peggy Sue Got Married,Drama,Cage  Nicolas,62,No
1985,Prizzis Honor,Comedy,Nicholson  Jack,25,Yes
1984,Crimes of Passion,Drama,Perkins  Anthony,4,No
1984,Romancing the Stone,Action,Douglas  Michael,83,No
1988,Cannibal Women in the Avocado Jungle of Death,Comedy,Primus  Barry,56,No
1986,Mr Love.,Comedy,Jackson  Barry,10,No
1968,2001: A Space Odyssey,Science Fiction,Dullea  Keir,83,No
1966,Persona,Drama,Bjornstrand  Gunnar,81,Yes
1973,Scenes from a Marriage,Drama,Josephson  Erland,3,Yes
1968,Hour of the Wolf,Drama,Sydow  Max von,37,No
1984,Dangerous Moves,Drama,Caron  Leslie,7,Yes
1957,Sayonara,Drama,Brando  Marlon,19,Yes
1968,Where Eagles Dare,War,Burton  Richard,57,No
1985,Teen Wolf,Drama,Fox  Michael J.,58,No
1990,Amazon,Action,Davi  Robert,30,No
1970,Spiders Stratagem,Drama,Brogi  Giulio,45,No
1971,Play Misty for Me,Mystery,Eastwood  Clint,47,No
1981,Going Ape,Comedy,Danza  Tony,65,No
1967,Cool Hand Luke,Drama,Newman  Paul,49,Yes
1988,Phantom of the Ritz,Horror,Bergman  Peter,85,No
1990,Crash y Burn,Science Fiction,Ganus  Paul,75,No
1991,After Dark My Sweet,Mystery,Patric  Jason,33,No
1992,Christopher Columbus: The Discovery,Adventure,Brando  Marlon,39,No
1986,Young Sherlock Holmes,Mystery,Rowe  Nicholas,16,No
1991,Doc Hollywood,Comedy,Fox  Michael J.,64,No
1988,Baja Oklahoma,Comedy,Coyote  Peter,71,No
1986,Aliens,Science Fiction,Biehn  Michael,82,No
1992,Alien Three,Science Fiction,Dutton  Charles,59,No
1997,Alien: resurrection,Science Fiction,Perlman  Ron,60,No
1979,Alien,Science Fiction,Skerritt  Tom,83,No
1985,One Woman or Two,Comedy,Depardieu  Gerard,64,No
1984,Soggy Bottom U. S. A.,Comedy,Johnson  Ben,50,No
1973,Bang the Drum Slowly,Drama,Moriarty  Michael,73,No
1972,Fuzz,Action,Reynolds  Burt,37,No
1967,Bedazzled,Comedy,Cook  Peter,67,No
1969,One Hundred Rifles,Western,Reynolds  Burt,48,No
1968,Bandolero,Western,Stewart  James,9,No
1972,Hannie Caulder,Drama,Borgnine  Ernest,9,No
1990,Sounds of the Seventies...y the Beat Goes,Music,Jones  Tom,13,No
1988,Bird,Drama,Whitaker  Forest,24,No
1955,Meet Millie,Drama,Halop  Florence,82,No
1987,Hell Comes to Frogtown,Science Fiction,LeFlore  Julius,74,No
1970,Start the Revolution Without Me,Comedy,Wilder  Gene,62,No
1989,Major League,Comedy,Sheen  Charlie,64,No
1989,Cookie,Comedy,Falk  Peter,43,No
1973,American Graffiti,Comedy,Dreyfuss  Richard,39,Yes
1953,Dangerous When Wet,Music,Lamas  Fernando,67,No
1980,Stir Crazy,Comedy,Pryor  Richard,40,No
1989,Young Einstein,Comedy,Serious  Yahoo,47,No
1982,An Officer y a Gentleman,Drama,Gere  Richard,1,Yes
1987,Black Widow,Mystery,Hopper  Dennis,54,No
1986,Legal Eagles,Comedy,Redford  Robert,39,No
1970,Bloody Mama,Action,Stroud  Don,17,No
1965,A Patch of Blue,Drama,Poitier  Sidney,51,No
1955,I Died a Thousand Times,Drama,Palance  Jack,23,No
1977,Tentacles,Horror,Huston  John,62,No
1992,A Day in October,Drama,Sweeney  D. B.,76,No
1964,A Fistful of Dollars,Westerns,Eastwood  Clint,61,No
1985,My Science Project,Comedy,Stockwell  John,84,No
1979,Meteor,Action,Connery  Sean,5,No
1955,Rebel Without a Cause,Drama,Dean  James,82,No
1961,West Side Story,Music,Beymer  Richard,38,Yes
1970,Trash,Comedy,Dallesandro  Joe,68,No
1966,A Big Hand for the Little Lady,Comedy,Fonda  Henry,12,No
1966,A Fine Madness,Comedy,Connery  Sean,6,No
1989,Harry y Son,Drama,Newman  Paul,57,No
1961,Paris Blues,Drama,Newman  Paul,54,No
1993,Mr. y Mrs. Bridge,Drama,Newman  Paul,29,No
1991,State of Grace,Drama,Penn  Sean,49,No
1943,Shadow of a Doubt,Drama,Cotten  Joseph,32,No
1950,Stage Fright,Mystery,Wilding  Michael,72,No
1947,Magic Town,Drama,Stewart  James,4,No
1975,That Lucky Touch,Action,Moore  Roger,85,No
1949,Lust for Gold,Drama,Ford  Glenn,57,No
1987,Heat,Mystery,Reynolds  Burt,69,No
1993,Employees Entrance,Drama,William  Warren,0,No
1947,Night Is My Future,Drama,Malmsten  Birger,17,No
1953,Vera Cruz,Action,Cooper  Gary,71,No
1954,Apache,Western,Lancaster  Burt,78,No
1977,Twilights Last Gleaming,Drama,Lancaster  Burt,84,No
1954,Bank on the Stars,Drama,Paar  Jack,,No
1987,Law of Desire,Drama,Maura  Carmen,73,No
1988,Bloodsport,Action,Van Damme  Jean-Claude,78,No
1986,Torment,Horror,Gilbert  Taylor,8,No
1988,Pelle the Conqueror,Drama,Sydow  Max von,14,Yes
1981,Taps,Drama,Hutton  Timothy,84,No
1983,Le Dernier Combat,Drama,Jolivet  Pierre,72,No
1989,Too Beautiful for You,Drama,Depardieu  Gerard,35,No
1963,Heavens Above,Comedy,Sellers  Peter,38,No
1961,One Eyed Jacks,Western,Malden  Karl,26,No
1936,Modern Times,Comedy,Chaplin  Charles,4,No
1991,Thunderbolt y Lightfoot,Action,Eastwood  Clint,16,No
1931,A Nous la Liberte,Drama,Marchand  Henri,60,No
1979,Scum,Action,Winstone  Ray,68,No
1979,Apocalypse Now,Drama,Brando  Marlon,8,No
1975,They Came from Within,Horror,Hampton  Paul,21,No
1991,Killer Tomatoes Strike Back,Comedy,Astin  John,24,No
1979,Attack of the Killer Tomatoes,Comedy,Wilson  George,47,No
1986,Wise Guys,Comedy,Piscopo  Joe,16,No
1989,American Autobahn,Drama,Jalenak  Jan,75,No
1975,Posse,Western,Douglas  Kirk,76,No
1982,Firefox,Action,Eastwood  Clint,64,No
1987,Penitentiary III,Action,Kennedy  Leon Isaac,82,No
1993,Ginger y Fred,Comedy,Mastroianni  Marcello,29,No
1990,Wagonmaster,Western,Johnson  Ben,1,No
1945,They Were Expendable,War,Montgomery  Robert,88,No
1949,Law of the Golden West,Western,Hale  Monte,1,No
1949,Pioneer Marshal,Western,Hale  Monte,8,No
1949,Ranger of the Cherokee Strip,Western,Hale  Monte,31,No
1950,Vanishing Westerner,Western,Hale  Monte,6,No
1948,Bandits of Dark Canyon,Western,Lane  Allan,72,No
1983,Local Hero,Comedy,Riegert  Peter,54,No
1985,To Live y Die in L. A.,Action,Stockwell  Dean,70,No
1961,Ferry to Hong Kong,Drama,Welles  Orson,77,No
1958,Up the Creek,Comedy,Sellers  Peter,54,No
1982,Yol,Drama,Akan  Tarik,53,No
1989,Sara Dane,Drama,Hopkins  Harold,75,No
1988,Night Tide,Drama,Muir  Gavin,50,No
1953,His Majesty OKeefe,Action,Lancaster  Burt,3,No
1960,North to Alaska,Western,Wayne  John,31,No
1966,Flight to Fury,Action,Nicholson  Jack,70,No
1966,Ride in the Whirlwind,Western,Nicholson  Jack,26,No
1970,Powderkeg,Western,Taylor  Rod,26,No
1953,I Confess,Drama,Clift  Montgomery,63,No
1969,Topaz,Mystery,Forsythe  John,12,No
1930,Murder,Mystery,Marshall  Herbert,50,No
1954,Dial M for Murder,Mystery,Milland  Ray,52,No
1937,Young y Innocent,Mystery,Pilbeam  Nova,43,No
1976,Creature from Black Lake,Horror,Elam  Jack,88,No
1981,Chariots of Fire,Drama,Cross  Ben,6,Yes
1982,Monty Python Live at the Hollywood Bowl,Comedy,Chapman  Graham,81,No
1981,Victory,Drama,Stallone  Sylvester,39,No
1970,Kellys Heroes,War,Eastwood  Clint,84,No
1989,Next of Kin,Mystery,Swayze  Patrick,63,No
1990,Chattahoochee,Drama,Oldman  Gary,30,No
1986,Down by Law,Comedy,Waits  Tom,49,No
1992,Survival Zone,Action,Ford  Terence,25,No
1979,Monty Pythons Life of Brian,Comedy,Chapman  Graham,11,No
1983,Monty Pythons the Meaning of Life,Comedy,Cleese  John,33,No
1945,Dakota,Western,Wayne  John,27,No
1952,Viva Zapata,Drama,Brando  Marlon,86,Yes
1990,Big Bad John,Action,English  Doug,84,No
1971,A Clockwork Orange,Science Fiction,McDowell  Malcolm,83,Yes
1991,Full Metal Jacket,War,Modine  Matthew,45,No
1943,Sanshiro Sugata,Drama,Fujita  Susumu,85,No
1991,Rhapsody in August,Drama,Gere  Richard,50,No
1946,No Regrets for Our Youth,Drama,Hara  Setsuko,31,No
1951,Rashomon,Drama,Mifune  Toshiro,59,Yes
1962,Sanjuro,Mystery,Mifune  Toshiro,6,No
1955,Seven Samurai,Drama,Mifune  Toshiro,9,No
1957,Throne of Blood,Drama,Mifune  Toshiro,60,No
1961,Yojimbo,Action,Mifune  Toshiro,60,No
1980,Kagemusha,Drama,Nakadai  Tatsuya,74,Yes
1952,Ikiru,Drama,Shimura  Takashi,36,No
1987,Empire of Spiritual Ninja,Action,Berlin  Tom,26,No
1986,Ninja, the Violent Sorcerer,Action ,,No
1926,Metropolis,Science Fiction,Abel  Alfred,49,No
1946,Cloak y Dagger,Mystery,Cooper  Gary,55,No
1920,Spiders,Drama,De Vogy  Carl,29,No
1954,Human Desire,Drama,Ford  Glenn,27,No
1928,Spies,Drama,Klein-Rogge  Rudolf,49,No
1991,Fury,Drama,Tracy  Spencer,48,No
1990,Mo Better Blues,Drama,Washington  Denzel,78,No
1989,Matt Talbot,Drama,Ford  Seamus,35,No
1991,For a Few Dollars More,Westerns,Eastwood  Clint,34,No
1944,Thirty Seconds over Tokyo,War,Tracy  Spencer,45,No
1982,Class of 1984,Drama,King  Perry,23,No
1974,Juggernaut,Action,Harris  Richard,63,No
1945,Blood on the Sun,Drama,Cagney  James,76,No
1969,Paint Your Wagon,Music,Marvin  Lee,46,No
1976,Street People,Action,Moore  Roger,25,No
1987,Operation Nam,War,Wayne  John Ethan,37,No
1988,Let It Rock,Drama,Hopper  Dennis,32,No
1978,Eraserhead,Horror,Nance  John,2,No
1957,Sweet Smell of Success,Drama,Lancaster  Burt,12,No
1971,And Now for Something Completely Different,Comedy,Cleese  John,44,No
1984,Crackers,Action,Sutherland  Donald,17,No
1991,Green Glove,Drama,Ford  Glenn,54,No
1970,Menace on the Mountain,Action,Crowley  Pat,69,No
1940,In Old California,Western,Wayne  John,27,No
1980,Ffolkes,Action,Moore  Roger,62,No
1970,Chisum,Western,Wayne  John,72,No
1966,Closely Watched Trains,Drama,Neckar  Vaclav,75,Yes
1973,Executive Action,Drama,Lancaster  Burt,6,No
1942,Flying Tigers,Action,Wayne  John,61,No
1991,Fathers Little Dividend,Comedy,Tracy  Spencer,52,No
1982,An Evening with Robin Williams,Comedy,Williams  Robin,68,No
1987,Eddie Murphy Raw,Comedy,Murphy  Eddie,51,No
1989,Harlem Nights,Comedy,Murphy  Eddie,11,No
1973,Santee,Western,Ford  Glenn,47,No
1971,Sometimes a Great Notion,Drama,Newman  Paul,7,No
1970,Catch Twenty-Two,Comedy,Arkin  Alan,50,No
1988,Dark Age,Action,Jarratt  John,3,No
1981,Deadline,Mystery,Newman  Barry,9,No
1935,Mysterious Mr. Wong,Mystery,Lugosi  Bela,71,No
1988,A Month in the Country,Drama,Firth  Colin,57,No
1987,Orphans,Drama,Finney  Albert,21,No
1976,All the Presidents Men,Drama,Redford  Robert,45,Yes
1987,J-Men Forever,Action,Bergman  Peter,59,No
1988,Judgement in Berlin,Drama,Sheen  Martin,13,No
1988,Rocket Gibraltar,Drama,Lancaster  Burt,26,No
1972,Jeremiah Johnson,Drama,Redford  Robert,88,No
1970,Burn,Drama,Brando  Marlon,75,No
1973,Magnum Force,Action,Eastwood  Clint,28,No
1989,Cyborg,Action,Van Damme  Jean-Claude,31,No
1983,Scream,Horror,Martin  Pepper,24,No
1951,Flying Leathernecks,Action,Wayne  John,23,No
1985,What Comes Around,Drama,Reed  Jerry,49,No
1980,Mon Oncle DAmerique,Comedy,Roger-Pierre 71,No,
1984,Roadhouse Sixty-Six,Action,Dafoe  Willem,20,No
1987,Russkies,Action,Hubley  Whip,87,No
1990,My Blue Heaven,Comedy,Martin  Steve,63,No
1990,Altered States,Science Fiction,Hurt  William,22,No
1970,Patton,War,Scott  George C.,8,Yes
1969,Midnight Cowboy,Drama,Hoffman  Dustin,33,Yes
1976,Maitresse,Drama,Ogier  Bulle,39,No
1987,Disorderlies,Comedy,Boys  The Fat,69,No
1991,Raging Bull,Drama,De Niro  Robert,25,No
1991,Garrison Keillors Home,Comedy,Keillor  Garrison,6,No
1938,Overland Stage Raiders,Western,Wayne  John,83,No
1938,Pals of the Saddle,Western,Wayne  John,33,No
1982,Alone in the Dark,Horror,Schultz  Dwight,75,No
1979,Escape from Alcatraz,Drama,Eastwood  Clint,22,No
1948,Criss Cross,Drama,Lancaster  Burt,77,No
1976,Midway,War,Heston  Charlton,36,No
1990,Indiana Jones y the Last Crusade,Action,Ford  Harrison,8,No
1993,Duel,Mystery,Weaver  Dennis,48,No
1991,Separate but Equal,Drama,Poitier  Sidney,56,No
1924,Gosta Berlings Saga,Drama,Hanson  Lars,63,No
1986,Platoon,Drama,Sheen  Charlie,8,Yes
1971,Willy Wonka y the Chocolate Factory,Music,Wilder  Gene,65,No
1971,Joe Kidd,Western,Eastwood  Clint,79,No
1938,Boys Town,Drama,Tracy  Spencer,21,Yes
1990,Erasure, Live Wild,Music ,48,No
1982,A Question of Honor,Drama,Gazzara  Ben,80,No
1947,Check Your Guns,Western,Dean  Eddie,80,No
1947,West to Glory,Western,Dean  Eddie,43,No
1992,Border Feud,Action,LaRue  Lash,43,No
1947,Law of the Lash,Western,LaRue  Lash,66,No
1949,Outlaw Country,Western,LaRue  Lash,62,No
1992,Return of the Lash,Action,LaRue  Lash,78,No
1937,Mystery of the Hooded Horsemen,Western,Ritter  Tex,52,No
1937,Tex Rides with the Boy Scouts,Western,Ritter  Tex,17,No
1949,Shadows of the West,Western,Wilson  Whip,40,No
1991,Instant Karma,Comedy,Cassidy  David,47,No
1957,Time Lock,Drama,Connery  Sean,5,No
1953,Appointment in Honduras,Drama,Ford  Glenn,7,No
1982,Danton,Drama,Depardieu  Gerard,5,No
1985,Les Comperes,Comedy,Richard  Pierre,54,No
1990,Dead Poets Society,Drama,Williams  Robin,8,Yes
1976,Kings of the Road (In the Course of Time),Drama,Vogler  Rudiger,41,No
1990,Hiroshima,Drama,Nelson  Judd,17,No
1956,Somebody up There Likes Me,Drama,Newman  Paul,56,No
1955,Jack Benny Show,Comedy,Benny  Jack,51,No
1962,Mutiny on the Bounty,Action,Brando  Marlon,35,No
1986,Monty Pythons Flying Circus,Comedy,Chapman  Graham,4,No
1990,Valkenvania,Comedy,Chase  Chevy,82,No
1964,From Russia with Love,Action,Connery  Sean,6,No
1992,Hollywood Mavericks,Comedy,Coppola  Francis Ford,22,No
1990,Live at Harrahs,Comedy,Cosby  Bill,6,No
1977,Nineteen Hundred,Drama,De Niro  Robert,82,No
1972,My Country Right or Wrong,War,Douglas  Michael,21,No
1992,Tightrope,Mystery,Eastwood  Clint,55,No
1987,Hearts of Fire,Drama,Everett  Rupert,25,No
1992,How the West Was Won,Western,Fonda  Henry,45,No
1993,Great White Death,Action,Ford  Glenn,26,No
1993,Today We Kill....Tomorrow We Die,Western,Ford  Montgomery,25,No
1991,Tormenta Sobre Arizona,Drama,Ford  Wallace,81,No
1989,Back to the Future II,Comedy,Fox  Michael J.,65,No
1983,Shakespeare Series,Drama,Gielgud  John,23,No
1973,Deadly Trackers,Western,Harris  Richard,54,No
1990,A Married Man,Drama,Hopkins  Anthony,79,No
1982,Othello,Drama,Hopkins  Anthony,84,No
1953,Tales of Tomorrow,Horror,Karloff  Boris,0,No
1991,Inherit the Wind,Drama,Kelly  Gene,18,No
1990,This Is Horror,Horror,King  Stephen,3,No
1992,Conversation Piece,Drama,Lancaster  Burt,1,No
1986,Jay Leno: The American Dream,Comedy,Leno  Jay,67,No
1990,Primal Rage,Mystery,Lowe  Patrick,3,No
1986,Howie Mandels North American Watusi Tour,Comedy,Mandel  Howie,65,No
1991,L. A. Story,Comedy,Martin  Steve,81,No
1986,Steve Martin Live,Comedy,Martin  Steve,3,No
1992,Romulus y the Sabines,Action,Moore  Roger,76,No
1983,Strange Brew,Comedy,Moranis  Rick,24,No
1990,Another Forty-Eight Hours,Action,Murphy  Eddie,54,No
1991,What about Bob?,Comedy,Murray  Bill,6,No
1992,Harper,Mystery,Newman  Paul,86,No
1989,Once upon a Wheel,Action,Newman  Paul,40,No
1989,Exile in Concert,Music,Pennington  J. P.,12,No
1987,Joe Piscopo New Jersey Special,Comedy,Piscopo  Joe,14,No
1988,Salsa: The Motion Picture,Drama,Rosa  Robby,26,No
1991,Hollywoods Greatest War Movies,War,Scott  George C.,41,No
1991,Out for Justice,Action,Seagal  Steven,2,No
1991,Im All Right Jack,Comedy,Sellers  Peter,23,No
1960,Never Let Go,Action,Sellers  Peter,5,No
1991,Two-Way Stretch,Comedy,Sellers  Peter,7,No
1958,Tom Thumb,Science Fiction,Tamblyn  Russ,30,No
1989,Beartooth,Action,Taylor  Dub,70,No
1979,James Taylor in Concert,Music,Taylor  James,38,No
1942,Gangbusters,Drama,Taylor  Kent,31,No
1992,El Rublo de las Dos Caras,Action,Taylor  Robert,83,No
1967,Chuka,Western,Taylor  Rod,47,No
1980,Cry of the Innocent,Drama,Taylor  Rod,13,No
1991,Edison the Man,Drama,Tracy  Spencer,19,No
1991,Keeper of the Flame,Drama,Tracy  Spencer,76,No
1939,Frontier Horizon,Western,Wayne  John,73,No
1934,Hell Town,Western,Wayne  John,23,No
1932,Hurricane Express,Western,Wayne  John,7,No
1965,In Harms Way,War,Wayne  John,66,No
1992,John Wayne Collectors Limited Edition,War,Wayne  John,3,No
1991,John Wayne Four Pack,Western,Wayne  John,58,No
1990,John Wayne Six Pack,Western,Wayne  John,87,No
1991,King of the Pecos,Western,Wayne  John,78,No
1992,Lawless Frontier,Western,Wayne  John,8,No
1934,Lucky Texan,Western,Wayne  John,48,No
1992,McQ,Action,Wayne  John,5,No
1993,Neath Arizona Skies,Western,Wayne  John,73,No
1991,Neath the Arizona Skies,Western,Wayne  John,28,No
1991,Randy Rides Alone,Western,Wayne  John,75,No
1993,Range Feud,Western,Wayne  John,77,No
1992,Red River,Western,Wayne  John,16,No
1991,Riders of Destiny,Western,Wayne  John,30,No
1990,Sagebrush Trail,Western,Wayne  John,23,No
1989,Blood y Guns,Action,Welles  Orson,43,No
1988,Hot Money,Drama,Welles  Orson,19,No
1977,Comedy Tonight,Comedy,Williams  Robin,18,No
1991,Robin Williams,Comedy,Williams  Robin,4,No